center,surround,type,surr_type,surr_opacity
-2.361111111111111,15.0,m3,poss,100
-2.361111111111111,15.0,m3,poss,100
-2.361111111111111,15.0,m3,poss,100
-2.361111111111111,15.0,m3,poss,100
-2.361111111111111,15.0,m3,poss,100
-2.361111111111111,15.0,m3,poss,100
-2.361111111111111,15.0,m3,poss,100
-2.361111111111111,15.0,m3,poss,100
-2.361111111111111,15.0,m3,poss,100
-2.361111111111111,15.0,m3,poss,100
-2.361111111111111,15.0,m3,poss,100
-2.361111111111111,15.0,m3,poss,100
-2.361111111111111,15.0,m3,poss,100
-2.361111111111111,15.0,m3,poss,100
-2.361111111111111,15.0,m3,poss,100
-2.361111111111111,15.0,m3,poss,100
-2.361111111111111,15.0,m3,poss,100
-2.361111111111111,15.0,m3,poss,100
-2.361111111111111,15.0,m3,poss,100
-2.361111111111111,15.0,m3,poss,100
-2.361111111111111,15.0,m3,poss,100
-2.361111111111111,15.0,m3,poss,100
-2.361111111111111,15.0,m3,poss,100
-2.361111111111111,15.0,m3,poss,100
-2.361111111111111,15.0,m3,poss,100
-2.361111111111111,15.0,m3,poss,100
-2.361111111111111,15.0,m3,poss,100
-2.361111111111111,15.0,m3,poss,100
-2.361111111111111,15.0,m3,poss,100
-2.361111111111111,15.0,m3,poss,100
-2.361111111111111,15.0,m3,poss,100
-2.361111111111111,15.0,m3,poss,100
-2.361111111111111,15.0,m3,poss,100
-2.361111111111111,15.0,m3,poss,100
-2.361111111111111,15.0,m3,poss,100
-2.361111111111111,15.0,m3,poss,100
-2.361111111111111,15.0,m3,poss,100
-2.361111111111111,15.0,m3,poss,100
-2.361111111111111,15.0,m3,poss,100
-2.361111111111111,15.0,m3,poss,100
-1.3611111111111112,15.0,m2,poss,100
-1.3611111111111112,15.0,m2,poss,100
-1.3611111111111112,15.0,m2,poss,100
-1.3611111111111112,15.0,m2,poss,100
-1.3611111111111112,15.0,m2,poss,100
-1.3611111111111112,15.0,m2,poss,100
-1.3611111111111112,15.0,m2,poss,100
-1.3611111111111112,15.0,m2,poss,100
-1.3611111111111112,15.0,m2,poss,100
-1.3611111111111112,15.0,m2,poss,100
-1.3611111111111112,15.0,m2,poss,100
-1.3611111111111112,15.0,m2,poss,100
-1.3611111111111112,15.0,m2,poss,100
-1.3611111111111112,15.0,m2,poss,100
-1.3611111111111112,15.0,m2,poss,100
-1.3611111111111112,15.0,m2,poss,100
-1.3611111111111112,15.0,m2,poss,100
-1.3611111111111112,15.0,m2,poss,100
-1.3611111111111112,15.0,m2,poss,100
-1.3611111111111112,15.0,m2,poss,100
-1.3611111111111112,15.0,m2,poss,100
-1.3611111111111112,15.0,m2,poss,100
-1.3611111111111112,15.0,m2,poss,100
-1.3611111111111112,15.0,m2,poss,100
-1.3611111111111112,15.0,m2,poss,100
-1.3611111111111112,15.0,m2,poss,100
-1.3611111111111112,15.0,m2,poss,100
-1.3611111111111112,15.0,m2,poss,100
-1.3611111111111112,15.0,m2,poss,100
-1.3611111111111112,15.0,m2,poss,100
-1.3611111111111112,15.0,m2,poss,100
-1.3611111111111112,15.0,m2,poss,100
-1.3611111111111112,15.0,m2,poss,100
-1.3611111111111112,15.0,m2,poss,100
-1.3611111111111112,15.0,m2,poss,100
-1.3611111111111112,15.0,m2,poss,100
-1.3611111111111112,15.0,m2,poss,100
-1.3611111111111112,15.0,m2,poss,100
-1.3611111111111112,15.0,m2,poss,100
-1.3611111111111112,15.0,m2,poss,100
-0.8611111111111112,15.0,m1,poss,100
-0.8611111111111112,15.0,m1,poss,100
-0.8611111111111112,15.0,m1,poss,100
-0.8611111111111112,15.0,m1,poss,100
-0.8611111111111112,15.0,m1,poss,100
-0.8611111111111112,15.0,m1,poss,100
-0.8611111111111112,15.0,m1,poss,100
-0.8611111111111112,15.0,m1,poss,100
-0.8611111111111112,15.0,m1,poss,100
-0.8611111111111112,15.0,m1,poss,100
-0.8611111111111112,15.0,m1,poss,100
-0.8611111111111112,15.0,m1,poss,100
-0.8611111111111112,15.0,m1,poss,100
-0.8611111111111112,15.0,m1,poss,100
-0.8611111111111112,15.0,m1,poss,100
-0.8611111111111112,15.0,m1,poss,100
-0.8611111111111112,15.0,m1,poss,100
-0.8611111111111112,15.0,m1,poss,100
-0.8611111111111112,15.0,m1,poss,100
-0.8611111111111112,15.0,m1,poss,100
-0.8611111111111112,15.0,m1,poss,100
-0.8611111111111112,15.0,m1,poss,100
-0.8611111111111112,15.0,m1,poss,100
-0.8611111111111112,15.0,m1,poss,100
-0.8611111111111112,15.0,m1,poss,100
-0.8611111111111112,15.0,m1,poss,100
-0.8611111111111112,15.0,m1,poss,100
-0.8611111111111112,15.0,m1,poss,100
-0.8611111111111112,15.0,m1,poss,100
-0.8611111111111112,15.0,m1,poss,100
-0.8611111111111112,15.0,m1,poss,100
-0.8611111111111112,15.0,m1,poss,100
-0.8611111111111112,15.0,m1,poss,100
-0.8611111111111112,15.0,m1,poss,100
-0.8611111111111112,15.0,m1,poss,100
-0.8611111111111112,15.0,m1,poss,100
-0.8611111111111112,15.0,m1,poss,100
-0.8611111111111112,15.0,m1,poss,100
-0.8611111111111112,15.0,m1,poss,100
-0.8611111111111112,15.0,m1,poss,100
-0.3611111111111111,15.0,PSE,poss,100
-0.3611111111111111,15.0,PSE,poss,100
-0.3611111111111111,15.0,PSE,poss,100
-0.3611111111111111,15.0,PSE,poss,100
-0.3611111111111111,15.0,PSE,poss,100
-0.3611111111111111,15.0,PSE,poss,100
-0.3611111111111111,15.0,PSE,poss,100
-0.3611111111111111,15.0,PSE,poss,100
-0.3611111111111111,15.0,PSE,poss,100
-0.3611111111111111,15.0,PSE,poss,100
-0.3611111111111111,15.0,PSE,poss,100
-0.3611111111111111,15.0,PSE,poss,100
-0.3611111111111111,15.0,PSE,poss,100
-0.3611111111111111,15.0,PSE,poss,100
-0.3611111111111111,15.0,PSE,poss,100
-0.3611111111111111,15.0,PSE,poss,100
-0.3611111111111111,15.0,PSE,poss,100
-0.3611111111111111,15.0,PSE,poss,100
-0.3611111111111111,15.0,PSE,poss,100
-0.3611111111111111,15.0,PSE,poss,100
-0.3611111111111111,15.0,PSE,poss,100
-0.3611111111111111,15.0,PSE,poss,100
-0.3611111111111111,15.0,PSE,poss,100
-0.3611111111111111,15.0,PSE,poss,100
-0.3611111111111111,15.0,PSE,poss,100
-0.3611111111111111,15.0,PSE,poss,100
-0.3611111111111111,15.0,PSE,poss,100
-0.3611111111111111,15.0,PSE,poss,100
-0.3611111111111111,15.0,PSE,poss,100
-0.3611111111111111,15.0,PSE,poss,100
-0.3611111111111111,15.0,PSE,poss,100
-0.3611111111111111,15.0,PSE,poss,100
-0.3611111111111111,15.0,PSE,poss,100
-0.3611111111111111,15.0,PSE,poss,100
-0.3611111111111111,15.0,PSE,poss,100
-0.3611111111111111,15.0,PSE,poss,100
-0.3611111111111111,15.0,PSE,poss,100
-0.3611111111111111,15.0,PSE,poss,100
-0.3611111111111111,15.0,PSE,poss,100
-0.3611111111111111,15.0,PSE,poss,100
0.1388888888888889,15.0,p1,poss,100
0.1388888888888889,15.0,p1,poss,100
0.1388888888888889,15.0,p1,poss,100
0.1388888888888889,15.0,p1,poss,100
0.1388888888888889,15.0,p1,poss,100
0.1388888888888889,15.0,p1,poss,100
0.1388888888888889,15.0,p1,poss,100
0.1388888888888889,15.0,p1,poss,100
0.1388888888888889,15.0,p1,poss,100
0.1388888888888889,15.0,p1,poss,100
0.1388888888888889,15.0,p1,poss,100
0.1388888888888889,15.0,p1,poss,100
0.1388888888888889,15.0,p1,poss,100
0.1388888888888889,15.0,p1,poss,100
0.1388888888888889,15.0,p1,poss,100
0.1388888888888889,15.0,p1,poss,100
0.1388888888888889,15.0,p1,poss,100
0.1388888888888889,15.0,p1,poss,100
0.1388888888888889,15.0,p1,poss,100
0.1388888888888889,15.0,p1,poss,100
0.1388888888888889,15.0,p1,poss,100
0.1388888888888889,15.0,p1,poss,100
0.1388888888888889,15.0,p1,poss,100
0.1388888888888889,15.0,p1,poss,100
0.1388888888888889,15.0,p1,poss,100
0.1388888888888889,15.0,p1,poss,100
0.1388888888888889,15.0,p1,poss,100
0.1388888888888889,15.0,p1,poss,100
0.1388888888888889,15.0,p1,poss,100
0.1388888888888889,15.0,p1,poss,100
0.1388888888888889,15.0,p1,poss,100
0.1388888888888889,15.0,p1,poss,100
0.1388888888888889,15.0,p1,poss,100
0.1388888888888889,15.0,p1,poss,100
0.1388888888888889,15.0,p1,poss,100
0.1388888888888889,15.0,p1,poss,100
0.1388888888888889,15.0,p1,poss,100
0.1388888888888889,15.0,p1,poss,100
0.1388888888888889,15.0,p1,poss,100
0.1388888888888889,15.0,p1,poss,100
0.6388888888888888,15.0,p2,poss,100
0.6388888888888888,15.0,p2,poss,100
0.6388888888888888,15.0,p2,poss,100
0.6388888888888888,15.0,p2,poss,100
0.6388888888888888,15.0,p2,poss,100
0.6388888888888888,15.0,p2,poss,100
0.6388888888888888,15.0,p2,poss,100
0.6388888888888888,15.0,p2,poss,100
0.6388888888888888,15.0,p2,poss,100
0.6388888888888888,15.0,p2,poss,100
0.6388888888888888,15.0,p2,poss,100
0.6388888888888888,15.0,p2,poss,100
0.6388888888888888,15.0,p2,poss,100
0.6388888888888888,15.0,p2,poss,100
0.6388888888888888,15.0,p2,poss,100
0.6388888888888888,15.0,p2,poss,100
0.6388888888888888,15.0,p2,poss,100
0.6388888888888888,15.0,p2,poss,100
0.6388888888888888,15.0,p2,poss,100
0.6388888888888888,15.0,p2,poss,100
0.6388888888888888,15.0,p2,poss,100
0.6388888888888888,15.0,p2,poss,100
0.6388888888888888,15.0,p2,poss,100
0.6388888888888888,15.0,p2,poss,100
0.6388888888888888,15.0,p2,poss,100
0.6388888888888888,15.0,p2,poss,100
0.6388888888888888,15.0,p2,poss,100
0.6388888888888888,15.0,p2,poss,100
0.6388888888888888,15.0,p2,poss,100
0.6388888888888888,15.0,p2,poss,100
0.6388888888888888,15.0,p2,poss,100
0.6388888888888888,15.0,p2,poss,100
0.6388888888888888,15.0,p2,poss,100
0.6388888888888888,15.0,p2,poss,100
0.6388888888888888,15.0,p2,poss,100
0.6388888888888888,15.0,p2,poss,100
0.6388888888888888,15.0,p2,poss,100
0.6388888888888888,15.0,p2,poss,100
0.6388888888888888,15.0,p2,poss,100
0.6388888888888888,15.0,p2,poss,100
1.6388888888888888,15.0,p3,poss,100
1.6388888888888888,15.0,p3,poss,100
1.6388888888888888,15.0,p3,poss,100
1.6388888888888888,15.0,p3,poss,100
1.6388888888888888,15.0,p3,poss,100
1.6388888888888888,15.0,p3,poss,100
1.6388888888888888,15.0,p3,poss,100
1.6388888888888888,15.0,p3,poss,100
1.6388888888888888,15.0,p3,poss,100
1.6388888888888888,15.0,p3,poss,100
1.6388888888888888,15.0,p3,poss,100
1.6388888888888888,15.0,p3,poss,100
1.6388888888888888,15.0,p3,poss,100
1.6388888888888888,15.0,p3,poss,100
1.6388888888888888,15.0,p3,poss,100
1.6388888888888888,15.0,p3,poss,100
1.6388888888888888,15.0,p3,poss,100
1.6388888888888888,15.0,p3,poss,100
1.6388888888888888,15.0,p3,poss,100
1.6388888888888888,15.0,p3,poss,100
1.6388888888888888,15.0,p3,poss,100
1.6388888888888888,15.0,p3,poss,100
1.6388888888888888,15.0,p3,poss,100
1.6388888888888888,15.0,p3,poss,100
1.6388888888888888,15.0,p3,poss,100
1.6388888888888888,15.0,p3,poss,100
1.6388888888888888,15.0,p3,poss,100
1.6388888888888888,15.0,p3,poss,100
1.6388888888888888,15.0,p3,poss,100
1.6388888888888888,15.0,p3,poss,100
1.6388888888888888,15.0,p3,poss,100
1.6388888888888888,15.0,p3,poss,100
1.6388888888888888,15.0,p3,poss,100
1.6388888888888888,15.0,p3,poss,100
1.6388888888888888,15.0,p3,poss,100
1.6388888888888888,15.0,p3,poss,100
1.6388888888888888,15.0,p3,poss,100
1.6388888888888888,15.0,p3,poss,100
1.6388888888888888,15.0,p3,poss,100
1.6388888888888888,15.0,p3,poss,100
-4.833333333333334,-15.0,m3,negs,100
-4.833333333333334,-15.0,m3,negs,100
-4.833333333333334,-15.0,m3,negs,100
-4.833333333333334,-15.0,m3,negs,100
-4.833333333333334,-15.0,m3,negs,100
-4.833333333333334,-15.0,m3,negs,100
-4.833333333333334,-15.0,m3,negs,100
-4.833333333333334,-15.0,m3,negs,100
-4.833333333333334,-15.0,m3,negs,100
-4.833333333333334,-15.0,m3,negs,100
-4.833333333333334,-15.0,m3,negs,100
-4.833333333333334,-15.0,m3,negs,100
-4.833333333333334,-15.0,m3,negs,100
-4.833333333333334,-15.0,m3,negs,100
-4.833333333333334,-15.0,m3,negs,100
-4.833333333333334,-15.0,m3,negs,100
-4.833333333333334,-15.0,m3,negs,100
-4.833333333333334,-15.0,m3,negs,100
-4.833333333333334,-15.0,m3,negs,100
-4.833333333333334,-15.0,m3,negs,100
-4.833333333333334,-15.0,m3,negs,100
-4.833333333333334,-15.0,m3,negs,100
-4.833333333333334,-15.0,m3,negs,100
-4.833333333333334,-15.0,m3,negs,100
-4.833333333333334,-15.0,m3,negs,100
-4.833333333333334,-15.0,m3,negs,100
-4.833333333333334,-15.0,m3,negs,100
-4.833333333333334,-15.0,m3,negs,100
-4.833333333333334,-15.0,m3,negs,100
-4.833333333333334,-15.0,m3,negs,100
-4.833333333333334,-15.0,m3,negs,100
-4.833333333333334,-15.0,m3,negs,100
-4.833333333333334,-15.0,m3,negs,100
-4.833333333333334,-15.0,m3,negs,100
-4.833333333333334,-15.0,m3,negs,100
-4.833333333333334,-15.0,m3,negs,100
-4.833333333333334,-15.0,m3,negs,100
-4.833333333333334,-15.0,m3,negs,100
-4.833333333333334,-15.0,m3,negs,100
-4.833333333333334,-15.0,m3,negs,100
-3.8333333333333335,-15.0,m2,negs,100
-3.8333333333333335,-15.0,m2,negs,100
-3.8333333333333335,-15.0,m2,negs,100
-3.8333333333333335,-15.0,m2,negs,100
-3.8333333333333335,-15.0,m2,negs,100
-3.8333333333333335,-15.0,m2,negs,100
-3.8333333333333335,-15.0,m2,negs,100
-3.8333333333333335,-15.0,m2,negs,100
-3.8333333333333335,-15.0,m2,negs,100
-3.8333333333333335,-15.0,m2,negs,100
-3.8333333333333335,-15.0,m2,negs,100
-3.8333333333333335,-15.0,m2,negs,100
-3.8333333333333335,-15.0,m2,negs,100
-3.8333333333333335,-15.0,m2,negs,100
-3.8333333333333335,-15.0,m2,negs,100
-3.8333333333333335,-15.0,m2,negs,100
-3.8333333333333335,-15.0,m2,negs,100
-3.8333333333333335,-15.0,m2,negs,100
-3.8333333333333335,-15.0,m2,negs,100
-3.8333333333333335,-15.0,m2,negs,100
-3.8333333333333335,-15.0,m2,negs,100
-3.8333333333333335,-15.0,m2,negs,100
-3.8333333333333335,-15.0,m2,negs,100
-3.8333333333333335,-15.0,m2,negs,100
-3.8333333333333335,-15.0,m2,negs,100
-3.8333333333333335,-15.0,m2,negs,100
-3.8333333333333335,-15.0,m2,negs,100
-3.8333333333333335,-15.0,m2,negs,100
-3.8333333333333335,-15.0,m2,negs,100
-3.8333333333333335,-15.0,m2,negs,100
-3.8333333333333335,-15.0,m2,negs,100
-3.8333333333333335,-15.0,m2,negs,100
-3.8333333333333335,-15.0,m2,negs,100
-3.8333333333333335,-15.0,m2,negs,100
-3.8333333333333335,-15.0,m2,negs,100
-3.8333333333333335,-15.0,m2,negs,100
-3.8333333333333335,-15.0,m2,negs,100
-3.8333333333333335,-15.0,m2,negs,100
-3.8333333333333335,-15.0,m2,negs,100
-3.8333333333333335,-15.0,m2,negs,100
-3.3333333333333335,-15.0,m1,negs,100
-3.3333333333333335,-15.0,m1,negs,100
-3.3333333333333335,-15.0,m1,negs,100
-3.3333333333333335,-15.0,m1,negs,100
-3.3333333333333335,-15.0,m1,negs,100
-3.3333333333333335,-15.0,m1,negs,100
-3.3333333333333335,-15.0,m1,negs,100
-3.3333333333333335,-15.0,m1,negs,100
-3.3333333333333335,-15.0,m1,negs,100
-3.3333333333333335,-15.0,m1,negs,100
-3.3333333333333335,-15.0,m1,negs,100
-3.3333333333333335,-15.0,m1,negs,100
-3.3333333333333335,-15.0,m1,negs,100
-3.3333333333333335,-15.0,m1,negs,100
-3.3333333333333335,-15.0,m1,negs,100
-3.3333333333333335,-15.0,m1,negs,100
-3.3333333333333335,-15.0,m1,negs,100
-3.3333333333333335,-15.0,m1,negs,100
-3.3333333333333335,-15.0,m1,negs,100
-3.3333333333333335,-15.0,m1,negs,100
-3.3333333333333335,-15.0,m1,negs,100
-3.3333333333333335,-15.0,m1,negs,100
-3.3333333333333335,-15.0,m1,negs,100
-3.3333333333333335,-15.0,m1,negs,100
-3.3333333333333335,-15.0,m1,negs,100
-3.3333333333333335,-15.0,m1,negs,100
-3.3333333333333335,-15.0,m1,negs,100
-3.3333333333333335,-15.0,m1,negs,100
-3.3333333333333335,-15.0,m1,negs,100
-3.3333333333333335,-15.0,m1,negs,100
-3.3333333333333335,-15.0,m1,negs,100
-3.3333333333333335,-15.0,m1,negs,100
-3.3333333333333335,-15.0,m1,negs,100
-3.3333333333333335,-15.0,m1,negs,100
-3.3333333333333335,-15.0,m1,negs,100
-3.3333333333333335,-15.0,m1,negs,100
-3.3333333333333335,-15.0,m1,negs,100
-3.3333333333333335,-15.0,m1,negs,100
-3.3333333333333335,-15.0,m1,negs,100
-3.3333333333333335,-15.0,m1,negs,100
-2.8333333333333335,-15.0,PSE,negs,100
-2.8333333333333335,-15.0,PSE,negs,100
-2.8333333333333335,-15.0,PSE,negs,100
-2.8333333333333335,-15.0,PSE,negs,100
-2.8333333333333335,-15.0,PSE,negs,100
-2.8333333333333335,-15.0,PSE,negs,100
-2.8333333333333335,-15.0,PSE,negs,100
-2.8333333333333335,-15.0,PSE,negs,100
-2.8333333333333335,-15.0,PSE,negs,100
-2.8333333333333335,-15.0,PSE,negs,100
-2.8333333333333335,-15.0,PSE,negs,100
-2.8333333333333335,-15.0,PSE,negs,100
-2.8333333333333335,-15.0,PSE,negs,100
-2.8333333333333335,-15.0,PSE,negs,100
-2.8333333333333335,-15.0,PSE,negs,100
-2.8333333333333335,-15.0,PSE,negs,100
-2.8333333333333335,-15.0,PSE,negs,100
-2.8333333333333335,-15.0,PSE,negs,100
-2.8333333333333335,-15.0,PSE,negs,100
-2.8333333333333335,-15.0,PSE,negs,100
-2.8333333333333335,-15.0,PSE,negs,100
-2.8333333333333335,-15.0,PSE,negs,100
-2.8333333333333335,-15.0,PSE,negs,100
-2.8333333333333335,-15.0,PSE,negs,100
-2.8333333333333335,-15.0,PSE,negs,100
-2.8333333333333335,-15.0,PSE,negs,100
-2.8333333333333335,-15.0,PSE,negs,100
-2.8333333333333335,-15.0,PSE,negs,100
-2.8333333333333335,-15.0,PSE,negs,100
-2.8333333333333335,-15.0,PSE,negs,100
-2.8333333333333335,-15.0,PSE,negs,100
-2.8333333333333335,-15.0,PSE,negs,100
-2.8333333333333335,-15.0,PSE,negs,100
-2.8333333333333335,-15.0,PSE,negs,100
-2.8333333333333335,-15.0,PSE,negs,100
-2.8333333333333335,-15.0,PSE,negs,100
-2.8333333333333335,-15.0,PSE,negs,100
-2.8333333333333335,-15.0,PSE,negs,100
-2.8333333333333335,-15.0,PSE,negs,100
-2.8333333333333335,-15.0,PSE,negs,100
-2.3333333333333335,-15.0,p1,negs,100
-2.3333333333333335,-15.0,p1,negs,100
-2.3333333333333335,-15.0,p1,negs,100
-2.3333333333333335,-15.0,p1,negs,100
-2.3333333333333335,-15.0,p1,negs,100
-2.3333333333333335,-15.0,p1,negs,100
-2.3333333333333335,-15.0,p1,negs,100
-2.3333333333333335,-15.0,p1,negs,100
-2.3333333333333335,-15.0,p1,negs,100
-2.3333333333333335,-15.0,p1,negs,100
-2.3333333333333335,-15.0,p1,negs,100
-2.3333333333333335,-15.0,p1,negs,100
-2.3333333333333335,-15.0,p1,negs,100
-2.3333333333333335,-15.0,p1,negs,100
-2.3333333333333335,-15.0,p1,negs,100
-2.3333333333333335,-15.0,p1,negs,100
-2.3333333333333335,-15.0,p1,negs,100
-2.3333333333333335,-15.0,p1,negs,100
-2.3333333333333335,-15.0,p1,negs,100
-2.3333333333333335,-15.0,p1,negs,100
-2.3333333333333335,-15.0,p1,negs,100
-2.3333333333333335,-15.0,p1,negs,100
-2.3333333333333335,-15.0,p1,negs,100
-2.3333333333333335,-15.0,p1,negs,100
-2.3333333333333335,-15.0,p1,negs,100
-2.3333333333333335,-15.0,p1,negs,100
-2.3333333333333335,-15.0,p1,negs,100
-2.3333333333333335,-15.0,p1,negs,100
-2.3333333333333335,-15.0,p1,negs,100
-2.3333333333333335,-15.0,p1,negs,100
-2.3333333333333335,-15.0,p1,negs,100
-2.3333333333333335,-15.0,p1,negs,100
-2.3333333333333335,-15.0,p1,negs,100
-2.3333333333333335,-15.0,p1,negs,100
-2.3333333333333335,-15.0,p1,negs,100
-2.3333333333333335,-15.0,p1,negs,100
-2.3333333333333335,-15.0,p1,negs,100
-2.3333333333333335,-15.0,p1,negs,100
-2.3333333333333335,-15.0,p1,negs,100
-2.3333333333333335,-15.0,p1,negs,100
-1.8333333333333335,-15.0,p2,negs,100
-1.8333333333333335,-15.0,p2,negs,100
-1.8333333333333335,-15.0,p2,negs,100
-1.8333333333333335,-15.0,p2,negs,100
-1.8333333333333335,-15.0,p2,negs,100
-1.8333333333333335,-15.0,p2,negs,100
-1.8333333333333335,-15.0,p2,negs,100
-1.8333333333333335,-15.0,p2,negs,100
-1.8333333333333335,-15.0,p2,negs,100
-1.8333333333333335,-15.0,p2,negs,100
-1.8333333333333335,-15.0,p2,negs,100
-1.8333333333333335,-15.0,p2,negs,100
-1.8333333333333335,-15.0,p2,negs,100
-1.8333333333333335,-15.0,p2,negs,100
-1.8333333333333335,-15.0,p2,negs,100
-1.8333333333333335,-15.0,p2,negs,100
-1.8333333333333335,-15.0,p2,negs,100
-1.8333333333333335,-15.0,p2,negs,100
-1.8333333333333335,-15.0,p2,negs,100
-1.8333333333333335,-15.0,p2,negs,100
-1.8333333333333335,-15.0,p2,negs,100
-1.8333333333333335,-15.0,p2,negs,100
-1.8333333333333335,-15.0,p2,negs,100
-1.8333333333333335,-15.0,p2,negs,100
-1.8333333333333335,-15.0,p2,negs,100
-1.8333333333333335,-15.0,p2,negs,100
-1.8333333333333335,-15.0,p2,negs,100
-1.8333333333333335,-15.0,p2,negs,100
-1.8333333333333335,-15.0,p2,negs,100
-1.8333333333333335,-15.0,p2,negs,100
-1.8333333333333335,-15.0,p2,negs,100
-1.8333333333333335,-15.0,p2,negs,100
-1.8333333333333335,-15.0,p2,negs,100
-1.8333333333333335,-15.0,p2,negs,100
-1.8333333333333335,-15.0,p2,negs,100
-1.8333333333333335,-15.0,p2,negs,100
-1.8333333333333335,-15.0,p2,negs,100
-1.8333333333333335,-15.0,p2,negs,100
-1.8333333333333335,-15.0,p2,negs,100
-1.8333333333333335,-15.0,p2,negs,100
-0.8333333333333335,-15.0,p3,negs,100
-0.8333333333333335,-15.0,p3,negs,100
-0.8333333333333335,-15.0,p3,negs,100
-0.8333333333333335,-15.0,p3,negs,100
-0.8333333333333335,-15.0,p3,negs,100
-0.8333333333333335,-15.0,p3,negs,100
-0.8333333333333335,-15.0,p3,negs,100
-0.8333333333333335,-15.0,p3,negs,100
-0.8333333333333335,-15.0,p3,negs,100
-0.8333333333333335,-15.0,p3,negs,100
-0.8333333333333335,-15.0,p3,negs,100
-0.8333333333333335,-15.0,p3,negs,100
-0.8333333333333335,-15.0,p3,negs,100
-0.8333333333333335,-15.0,p3,negs,100
-0.8333333333333335,-15.0,p3,negs,100
-0.8333333333333335,-15.0,p3,negs,100
-0.8333333333333335,-15.0,p3,negs,100
-0.8333333333333335,-15.0,p3,negs,100
-0.8333333333333335,-15.0,p3,negs,100
-0.8333333333333335,-15.0,p3,negs,100
-0.8333333333333335,-15.0,p3,negs,100
-0.8333333333333335,-15.0,p3,negs,100
-0.8333333333333335,-15.0,p3,negs,100
-0.8333333333333335,-15.0,p3,negs,100
-0.8333333333333335,-15.0,p3,negs,100
-0.8333333333333335,-15.0,p3,negs,100
-0.8333333333333335,-15.0,p3,negs,100
-0.8333333333333335,-15.0,p3,negs,100
-0.8333333333333335,-15.0,p3,negs,100
-0.8333333333333335,-15.0,p3,negs,100
-0.8333333333333335,-15.0,p3,negs,100
-0.8333333333333335,-15.0,p3,negs,100
-0.8333333333333335,-15.0,p3,negs,100
-0.8333333333333335,-15.0,p3,negs,100
-0.8333333333333335,-15.0,p3,negs,100
-0.8333333333333335,-15.0,p3,negs,100
-0.8333333333333335,-15.0,p3,negs,100
-0.8333333333333335,-15.0,p3,negs,100
-0.8333333333333335,-15.0,p3,negs,100
-0.8333333333333335,-15.0,p3,negs,100
-2.0,0.0,m3,noss,0
-2.0,0.0,m3,noss,0
-2.0,0.0,m3,noss,0
-2.0,0.0,m3,noss,0
-2.0,0.0,m3,noss,0
-2.0,0.0,m3,noss,0
-2.0,0.0,m3,noss,0
-2.0,0.0,m3,noss,0
-2.0,0.0,m3,noss,0
-2.0,0.0,m3,noss,0
-2.0,0.0,m3,noss,0
-2.0,0.0,m3,noss,0
-2.0,0.0,m3,noss,0
-2.0,0.0,m3,noss,0
-2.0,0.0,m3,noss,0
-2.0,0.0,m3,noss,0
-2.0,0.0,m3,noss,0
-2.0,0.0,m3,noss,0
-2.0,0.0,m3,noss,0
-2.0,0.0,m3,noss,0
-1.0,0.0,m2,noss,0
-1.0,0.0,m2,noss,0
-1.0,0.0,m2,noss,0
-1.0,0.0,m2,noss,0
-1.0,0.0,m2,noss,0
-1.0,0.0,m2,noss,0
-1.0,0.0,m2,noss,0
-1.0,0.0,m2,noss,0
-1.0,0.0,m2,noss,0
-1.0,0.0,m2,noss,0
-1.0,0.0,m2,noss,0
-1.0,0.0,m2,noss,0
-1.0,0.0,m2,noss,0
-1.0,0.0,m2,noss,0
-1.0,0.0,m2,noss,0
-1.0,0.0,m2,noss,0
-1.0,0.0,m2,noss,0
-1.0,0.0,m2,noss,0
-1.0,0.0,m2,noss,0
-1.0,0.0,m2,noss,0
-0.5,0.0,m1,noss,0
-0.5,0.0,m1,noss,0
-0.5,0.0,m1,noss,0
-0.5,0.0,m1,noss,0
-0.5,0.0,m1,noss,0
-0.5,0.0,m1,noss,0
-0.5,0.0,m1,noss,0
-0.5,0.0,m1,noss,0
-0.5,0.0,m1,noss,0
-0.5,0.0,m1,noss,0
-0.5,0.0,m1,noss,0
-0.5,0.0,m1,noss,0
-0.5,0.0,m1,noss,0
-0.5,0.0,m1,noss,0
-0.5,0.0,m1,noss,0
-0.5,0.0,m1,noss,0
-0.5,0.0,m1,noss,0
-0.5,0.0,m1,noss,0
-0.5,0.0,m1,noss,0
-0.5,0.0,m1,noss,0
0.0,0.0,PSE,noss,0
0.0,0.0,PSE,noss,0
0.0,0.0,PSE,noss,0
0.0,0.0,PSE,noss,0
0.0,0.0,PSE,noss,0
0.0,0.0,PSE,noss,0
0.0,0.0,PSE,noss,0
0.0,0.0,PSE,noss,0
0.0,0.0,PSE,noss,0
0.0,0.0,PSE,noss,0
0.0,0.0,PSE,noss,0
0.0,0.0,PSE,noss,0
0.0,0.0,PSE,noss,0
0.0,0.0,PSE,noss,0
0.0,0.0,PSE,noss,0
0.0,0.0,PSE,noss,0
0.0,0.0,PSE,noss,0
0.0,0.0,PSE,noss,0
0.0,0.0,PSE,noss,0
0.0,0.0,PSE,noss,0
0.5,0.0,p1,noss,0
0.5,0.0,p1,noss,0
0.5,0.0,p1,noss,0
0.5,0.0,p1,noss,0
0.5,0.0,p1,noss,0
0.5,0.0,p1,noss,0
0.5,0.0,p1,noss,0
0.5,0.0,p1,noss,0
0.5,0.0,p1,noss,0
0.5,0.0,p1,noss,0
0.5,0.0,p1,noss,0
0.5,0.0,p1,noss,0
0.5,0.0,p1,noss,0
0.5,0.0,p1,noss,0
0.5,0.0,p1,noss,0
0.5,0.0,p1,noss,0
0.5,0.0,p1,noss,0
0.5,0.0,p1,noss,0
0.5,0.0,p1,noss,0
0.5,0.0,p1,noss,0
1.0,0.0,p2,noss,0
1.0,0.0,p2,noss,0
1.0,0.0,p2,noss,0
1.0,0.0,p2,noss,0
1.0,0.0,p2,noss,0
1.0,0.0,p2,noss,0
1.0,0.0,p2,noss,0
1.0,0.0,p2,noss,0
1.0,0.0,p2,noss,0
1.0,0.0,p2,noss,0
1.0,0.0,p2,noss,0
1.0,0.0,p2,noss,0
1.0,0.0,p2,noss,0
1.0,0.0,p2,noss,0
1.0,0.0,p2,noss,0
1.0,0.0,p2,noss,0
1.0,0.0,p2,noss,0
1.0,0.0,p2,noss,0
1.0,0.0,p2,noss,0
1.0,0.0,p2,noss,0
2.0,0.0,p3,noss,0
2.0,0.0,p3,noss,0
2.0,0.0,p3,noss,0
2.0,0.0,p3,noss,0
2.0,0.0,p3,noss,0
2.0,0.0,p3,noss,0
2.0,0.0,p3,noss,0
2.0,0.0,p3,noss,0
2.0,0.0,p3,noss,0
2.0,0.0,p3,noss,0
2.0,0.0,p3,noss,0
2.0,0.0,p3,noss,0
2.0,0.0,p3,noss,0
2.0,0.0,p3,noss,0
2.0,0.0,p3,noss,0
2.0,0.0,p3,noss,0
2.0,0.0,p3,noss,0
2.0,0.0,p3,noss,0
2.0,0.0,p3,noss,0
2.0,0.0,p3,noss,0
